{"stats":{"minecraft:killed_by":{"minecraft:creeper":1},"minecraft:killed":{"minecraft:zombie_villager":1,"minecraft:salmon":1,"minecraft:spider":6,"minecraft:creeper":1,"minecraft:skeleton":13,"minecraft:sheep":4,"minecraft:zombie":12,"minecraft:chicken":4,"minecraft:cow":20},"minecraft:custom":{"minecraft:interact_with_furnace":17,"minecraft:mob_kills":63,"minecraft:interact_with_crafting_table":21,"minecraft:interact_with_campfire":12,"minecraft:time_since_death":35895,"minecraft:sleep_in_bed":2,"minecraft:time_since_rest":34844,"minecraft:sprint_one_cm":135618,"minecraft:damage_taken":1563,"minecraft:walk_one_cm":137183,"minecraft:damage_blocked_by_shield":1450,"minecraft:damage_dealt":9573,"minecraft:fly_one_cm":121139,"minecraft:swim_one_cm":11671,"minecraft:player_kills":1,"minecraft:open_chest":11,"minecraft:deaths":1,"minecraft:crouch_one_cm":2402,"minecraft:play_time":103669,"tombstone:undead_killed":26,"minecraft:sneak_time":1900,"minecraft:walk_under_water_one_cm":4259,"minecraft:jump":1077,"minecraft:walk_on_water_one_cm":7509,"minecraft:total_world_time":103669,"minecraft:fall_one_cm":38885},"minecraft:broken":{"minecraft:iron_pickaxe":1},"minecraft:mined":{"minecraft:podzol":4,"minecraft:tuff":10,"minecraft:diamond_ore":10,"minecraft:spruce_planks":2,"minecraft:mossy_cobblestone":3,"minecraft:deepslate_diamond_ore":40,"minecraft:dandelion":4,"minecraft:obsidian":2,"minecraft:crafting_table":3,"minecraft:calcite":3,"minecraft:grass_block":45,"minecraft:campfire":1,"minecraft:tall_grass":10,"minecraft:cobblestone":4,"minecraft:deepslate_gold_ore":13,"minecraft:spruce_leaves":11,"minecraft:lapis_ore":4,"minecraft:diorite":12,"minecraft:amethyst_block":3,"minecraft:iron_ore":18,"minecraft:cobbled_deepslate":6,"minecraft:spruce_log":39,"minecraft:andesite":8,"minecraft:deepslate_lapis_ore":5,"minecraft:yellow_bed":2,"minecraft:azure_bluet":2,"minecraft:grass":68,"minecraft:coal_ore":27,"minecraft:oak_log":5,"minecraft:deepslate_iron_ore":19,"minecraft:dripstone_block":1,"minecraft:dirt":14,"minecraft:smooth_basalt":2,"minecraft:stone":73,"minecraft:deepslate":135,"minecraft:fern":1},"minecraft:picked_up":{"minecraft:charcoal":2,"minecraft:crafting_table":3,"minecraft:azure_bluet":2,"minecraft:feather":4,"minecraft:cooked_beef":12,"minecraft:chicken":4,"minecraft:andesite":7,"minecraft:leather":20,"minecraft:tuff":10,"minecraft:oak_log":5,"minecraft:yellow_bed":2,"minecraft:gunpowder":3,"minecraft:amethyst_block":3,"minecraft:lapis_lazuli":60,"minecraft:dirt":66,"minecraft:string":7,"minecraft:bone":18,"minecraft:apple":1,"minecraft:cobbled_deepslate":144,"minecraft:wheat_seeds":11,"minecraft:raw_gold":13,"minecraft:spruce_planks":2,"minecraft:beef":35,"minecraft:calcite":3,"minecraft:egg":1,"minecraft:stick":3,"minecraft:raw_iron":37,"minecraft:smooth_basalt":2,"minecraft:dandelion":5,"minecraft:bundle":1,"minecraft:pointed_dripstone":17,"tombstone:grave_dust":5,"minecraft:diorite":12,"minecraft:spruce_log":38,"minecraft:spider_eye":3,"minecraft:mossy_cobblestone":3,"minecraft:arrow":20,"minecraft:rotten_flesh":15,"minecraft:diamond":50,"minecraft:gray_wool":1,"tombstone:essence_of_undeath":1,"tombstone:magic_scroll":2,"minecraft:obsidian":2,"minecraft:mutton":7,"minecraft:coal":26,"minecraft:white_wool":3,"minecraft:cobblestone":77},"minecraft:used":{"minecraft:water_bucket":20,"minecraft:stone_pickaxe":112,"minecraft:oak_planks":13,"minecraft:shield":39,"minecraft:chest":1,"minecraft:spruce_planks":8,"minecraft:wooden_pickaxe":6,"minecraft:wooden_shovel":58,"minecraft:mossy_cobblestone":3,"minecraft:dirt":65,"minecraft:crafting_table":5,"minecraft:campfire":1,"minecraft:wooden_axe":31,"minecraft:diamond_pickaxe":31,"minecraft:lava_bucket":3,"minecraft:bread":1,"minecraft:iron_pickaxe":250,"minecraft:stone_axe":86,"minecraft:diamond_sword":83,"minecraft:cobblestone":13,"minecraft:furnace":1,"minecraft:andesite":2,"minecraft:bucket":24,"tombstone:gift":1,"minecraft:yellow_bed":3,"minecraft:cooked_beef":13,"minecraft:cobbled_deepslate":112},"minecraft:crafted":{"minecraft:cooked_beef":13,"minecraft:yellow_wool":3,"minecraft:oak_planks":20,"minecraft:wooden_shovel":1,"minecraft:diamond_sword":1,"minecraft:crafting_table":2,"minecraft:spruce_planks":112,"minecraft:wooden_pickaxe":1,"minecraft:furnace":1,"minecraft:yellow_bed":1,"minecraft:bucket":1,"minecraft:campfire":1,"minecraft:stone_axe":1,"minecraft:air":0,"minecraft:diamond_helmet":1,"minecraft:diamond_pickaxe":2,"minecraft:yellow_dye":4,"minecraft:shield":1,"minecraft:stick":24,"minecraft:iron_pickaxe":1,"minecraft:iron_ingot":14,"minecraft:stone_pickaxe":1,"minecraft:wooden_axe":1,"minecraft:iron_leggings":1,"minecraft:diamond_boots":1,"minecraft:chest":1,"minecraft:light_gray_dye":2,"minecraft:diamond_chestplate":1}},"DataVersion":3120}