{"stats":{"minecraft:dropped":{"minecraft:gravel":6,"minecraft:stone_axe":3,"minecraft:kelp":1,"minecraft:birch_planks":8,"minecraft:oak_pressure_plate":1,"minecraft:cobbled_deepslate":4,"minecraft:birch_sapling":4,"minecraft:oak_fence":1,"minecraft:white_carpet":1,"minecraft:feather":1,"minecraft:cobblestone":1,"minecraft:leather":2,"minecraft:flint":3,"minecraft:dirt":8,"minecraft:oak_sapling":2,"minecraft:map":1,"minecraft:stone_pickaxe":1,"minecraft:wooden_pickaxe":1,"minecraft:paper":3},"minecraft:crafted":{"minecraft:crafting_table":1,"minecraft:wooden_pickaxe":1,"minecraft:birch_boat":1,"minecraft:furnace":1,"minecraft:birch_planks":80,"minecraft:stone_axe":1,"minecraft:bread":56,"minecraft:iron_chestplate":1,"minecraft:iron_axe":1,"minecraft:stick":16,"minecraft:iron_ingot":26,"minecraft:iron_pickaxe":1,"minecraft:stone_pickaxe":2,"minecraft:chest":6,"minecraft:wheat":153},"minecraft:broken":{"minecraft:stone_pickaxe":1},"minecraft:custom":{"minecraft:interact_with_furnace":6,"minecraft:mob_kills":7,"minecraft:interact_with_crafting_table":15,"minecraft:time_since_death":62525,"minecraft:sleep_in_bed":1,"minecraft:time_since_rest":4274,"minecraft:sprint_one_cm":9655,"minecraft:damage_taken":315,"minecraft:walk_one_cm":217377,"minecraft:drop":25,"minecraft:damage_dealt":830,"minecraft:swim_one_cm":6101,"minecraft:fly_one_cm":5049,"minecraft:open_chest":11,"minecraft:crouch_one_cm":3194,"minecraft:play_time":62525,"minecraft:sneak_time":1809,"minecraft:walk_under_water_one_cm":13572,"minecraft:boat_one_cm":638322,"minecraft:jump":435,"minecraft:walk_on_water_one_cm":5581,"minecraft:total_world_time":62525,"minecraft:fall_one_cm":7831},"minecraft:picked_up":{"minecraft:birch_log":49,"minecraft:crafting_table":3,"minecraft:feather":1,"minecraft:chicken":1,"minecraft:leather":2,"minecraft:flint":3,"minecraft:dirt":12,"minecraft:white_carpet":1,"minecraft:kelp":1,"minecraft:cartography_table":1,"minecraft:cobbled_deepslate":4,"minecraft:beef":1,"minecraft:birch_sapling":4,"minecraft:raw_iron":46,"minecraft:birch_boat":4,"minecraft:oak_fence":1,"minecraft:oak_pressure_plate":1,"minecraft:gravel":6,"minecraft:porkchop":7,"minecraft:white_bed":2,"minecraft:yellow_carpet":2,"minecraft:stone_axe":2,"minecraft:hay_block":17,"minecraft:oak_sapling":2,"minecraft:coal":62,"minecraft:cobblestone":151},"minecraft:mined":{"minecraft:white_bed":2,"minecraft:crafting_table":3,"minecraft:oak_fence":1,"minecraft:grass_block":2,"minecraft:yellow_carpet":2,"minecraft:oak_pressure_plate":1,"minecraft:cobblestone":5,"minecraft:cartography_table":1,"minecraft:hay_block":17,"minecraft:birch_log":49,"minecraft:iron_ore":44,"minecraft:white_carpet":1,"minecraft:birch_leaves":9,"minecraft:coal_ore":63,"minecraft:deepslate_iron_ore":3,"minecraft:gravel":12,"minecraft:dirt":9,"minecraft:stone":143,"minecraft:oak_leaves":10,"minecraft:deepslate":4},"minecraft:killed":{"minecraft:pig":4,"minecraft:creeper":1,"minecraft:chicken":1,"minecraft:cow":1},"minecraft:used":{"minecraft:stone_pickaxe":256,"minecraft:cartography_table":1,"minecraft:wooden_pickaxe":6,"minecraft:birch_boat":4,"minecraft:iron_chestplate":1,"minecraft:dirt":4,"minecraft:crafting_table":4,"minecraft:white_bed":2,"minecraft:yellow_carpet":2,"minecraft:stone_axe":96,"minecraft:cobblestone":92,"minecraft:furnace":1,"minecraft:porkchop":7}},"DataVersion":3120}