{"stats":{"minecraft:dropped":{"minecraft:dirt":2,"minecraft:birch_sapling":4,"minecraft:cobblestone":1},"minecraft:crafted":{"minecraft:crafting_table":1,"minecraft:stick":8,"minecraft:birch_boat":1,"minecraft:wooden_pickaxe":1,"minecraft:stone_pickaxe":2,"minecraft:birch_planks":24,"minecraft:stone_axe":1},"minecraft:broken":{"minecraft:stone_pickaxe":1},"minecraft:picked_up":{"minecraft:birch_log":49,"minecraft:crafting_table":3,"minecraft:raw_iron":44,"minecraft:feather":1,"minecraft:chicken":1,"minecraft:leather":2,"minecraft:gravel":6,"minecraft:porkchop":7,"minecraft:flint":3,"minecraft:dirt":7,"minecraft:kelp":1,"minecraft:cobbled_deepslate":4,"minecraft:beef":1,"minecraft:oak_sapling":2,"minecraft:birch_sapling":4,"minecraft:cobblestone":111},"minecraft:custom":{"minecraft:time_since_rest":26525,"minecraft:sprint_one_cm":7687,"minecraft:damage_taken":135,"minecraft:walk_one_cm":106713,"minecraft:mob_kills":7,"minecraft:drop":6,"minecraft:damage_dealt":830,"minecraft:interact_with_crafting_table":4,"minecraft:fly_one_cm":4003,"minecraft:crouch_one_cm":1789,"minecraft:play_time":26525,"minecraft:sneak_time":1322,"minecraft:walk_under_water_one_cm":1496,"minecraft:boat_one_cm":39456,"minecraft:jump":276,"minecraft:walk_on_water_one_cm":706,"minecraft:time_since_death":26525,"minecraft:total_world_time":26525,"minecraft:fall_one_cm":5712},"minecraft:mined":{"minecraft:birch_log":49,"minecraft:iron_ore":42,"minecraft:birch_leaves":9,"minecraft:crafting_table":3,"minecraft:grass_block":1,"minecraft:deepslate_iron_ore":3,"minecraft:gravel":12,"minecraft:dirt":5,"minecraft:cobblestone":4,"minecraft:stone":104,"minecraft:oak_leaves":5,"minecraft:deepslate":4},"minecraft:killed":{"minecraft:pig":4,"minecraft:chicken":1,"minecraft:creeper":1,"minecraft:cow":1},"minecraft:used":{"minecraft:stone_pickaxe":151,"minecraft:birch_boat":1,"minecraft:wooden_pickaxe":6,"minecraft:stone_axe":71,"minecraft:dirt":4,"minecraft:cobblestone":65,"minecraft:crafting_table":3}},"DataVersion":3120}