{"stats":{"minecraft:dropped":{"minecraft:stone_axe":2,"minecraft:dirt":2,"minecraft:birch_sapling":4,"minecraft:cobblestone":1},"minecraft:crafted":{"minecraft:crafting_table":1,"minecraft:stick":8,"minecraft:birch_boat":1,"minecraft:wooden_pickaxe":1,"minecraft:stone_pickaxe":2,"minecraft:birch_planks":24,"minecraft:stone_axe":1},"minecraft:broken":{"minecraft:stone_pickaxe":1},"minecraft:picked_up":{"minecraft:birch_log":49,"minecraft:crafting_table":3,"minecraft:raw_iron":46,"minecraft:feather":1,"minecraft:chicken":1,"minecraft:birch_boat":3,"minecraft:leather":2,"minecraft:gravel":6,"minecraft:porkchop":7,"minecraft:flint":3,"minecraft:dirt":12,"minecraft:kelp":1,"minecraft:stone_axe":2,"minecraft:cobbled_deepslate":4,"minecraft:beef":1,"minecraft:oak_sapling":2,"minecraft:coal":62,"minecraft:birch_sapling":4,"minecraft:cobblestone":151},"minecraft:custom":{"minecraft:time_since_rest":50525,"minecraft:sprint_one_cm":9641,"minecraft:damage_taken":295,"minecraft:walk_one_cm":150921,"minecraft:mob_kills":7,"minecraft:drop":8,"minecraft:damage_dealt":830,"minecraft:swim_one_cm":6101,"minecraft:interact_with_crafting_table":4,"minecraft:fly_one_cm":5049,"minecraft:open_chest":3,"minecraft:crouch_one_cm":3194,"minecraft:play_time":50525,"minecraft:sneak_time":1809,"minecraft:walk_under_water_one_cm":12680,"minecraft:boat_one_cm":634407,"minecraft:jump":411,"minecraft:walk_on_water_one_cm":4820,"minecraft:time_since_death":50525,"minecraft:total_world_time":50525,"minecraft:fall_one_cm":7347},"minecraft:mined":{"minecraft:birch_log":49,"minecraft:iron_ore":44,"minecraft:birch_leaves":9,"minecraft:crafting_table":3,"minecraft:grass_block":2,"minecraft:coal_ore":63,"minecraft:deepslate_iron_ore":3,"minecraft:gravel":12,"minecraft:dirt":9,"minecraft:cobblestone":5,"minecraft:stone":143,"minecraft:oak_leaves":10,"minecraft:deepslate":4},"minecraft:killed":{"minecraft:pig":4,"minecraft:chicken":1,"minecraft:creeper":1,"minecraft:cow":1},"minecraft:used":{"minecraft:stone_pickaxe":256,"minecraft:birch_boat":4,"minecraft:wooden_pickaxe":6,"minecraft:stone_axe":76,"minecraft:dirt":4,"minecraft:cobblestone":92,"minecraft:crafting_table":3,"minecraft:porkchop":7}},"DataVersion":3120}