{"stats":{"minecraft:dropped":{"minecraft:birch_planks":8,"minecraft:wheat_seeds":3,"minecraft:oak_pressure_plate":1,"minecraft:oak_fence":1,"minecraft:feather":1,"minecraft:cobblestone":1,"minecraft:leather":3,"minecraft:granite":3,"minecraft:flint":3,"minecraft:dirt":9,"minecraft:diorite":3,"minecraft:map":1,"tombstone:grave_dust":4,"minecraft:iron_pickaxe":1,"minecraft:paper":3,"minecraft:string":6,"minecraft:gravel":7,"minecraft:stone_axe":3,"minecraft:kelp":1,"minecraft:cobbled_deepslate":4,"minecraft:birch_sapling":4,"minecraft:white_carpet":1,"minecraft:rotten_flesh":1,"minecraft:carrot":1,"minecraft:poppy":2,"minecraft:potato":1,"minecraft:gunpowder":4,"minecraft:oak_sapling":2,"minecraft:arrow":2,"minecraft:stone_pickaxe":1,"minecraft:wooden_pickaxe":1},"minecraft:crafted":{"minecraft:birch_boat":1,"minecraft:furnace":1,"minecraft:stone":133,"minecraft:hopper":9,"minecraft:stone_brick_slab":126,"minecraft:iron_axe":1,"minecraft:stone_pickaxe":2,"minecraft:chest":11,"minecraft:stone_bricks":132,"minecraft:birch_sign":9,"minecraft:wheat":153,"minecraft:cooked_porkchop":17,"minecraft:crafting_table":1,"minecraft:wooden_pickaxe":1,"minecraft:bucket":2,"minecraft:birch_planks":196,"minecraft:stone_axe":1,"minecraft:bread":56,"minecraft:iron_chestplate":1,"minecraft:stick":44,"minecraft:iron_ingot":98,"minecraft:iron_pickaxe":9,"minecraft:iron_shovel":4},"minecraft:killed_by":{"minecraft:drowned":1},"minecraft:broken":{"minecraft:iron_shovel":3,"minecraft:stone_pickaxe":1,"minecraft:iron_axe":1,"minecraft:iron_pickaxe":9},"minecraft:custom":{"minecraft:mob_kills":53,"minecraft:interact_with_crafting_table":56,"minecraft:leave_game":1,"minecraft:time_since_death":139977,"minecraft:sprint_one_cm":41748,"minecraft:walk_one_cm":1535176,"minecraft:drop":43,"minecraft:talked_to_villager":5,"minecraft:play_time":302238,"minecraft:deaths":1,"minecraft:sneak_time":4598,"minecraft:walk_under_water_one_cm":51718,"minecraft:boat_one_cm":638322,"minecraft:jump":2285,"minecraft:walk_on_water_one_cm":38712,"minecraft:total_world_time":302238,"minecraft:interact_with_furnace":31,"minecraft:sleep_in_bed":11,"minecraft:time_since_rest":12224,"minecraft:damage_taken":1553,"minecraft:damage_dealt":9487,"minecraft:swim_one_cm":30441,"minecraft:fly_one_cm":44626,"minecraft:open_chest":35,"minecraft:crouch_one_cm":11096,"tombstone:undead_killed":21,"minecraft:fall_one_cm":40008},"minecraft:picked_up":{"minecraft:crafting_table":3,"minecraft:chicken":1,"minecraft:string":6,"minecraft:raw_copper":15,"minecraft:white_carpet":1,"minecraft:cartography_table":1,"minecraft:cobbled_deepslate":4,"minecraft:beef":3,"minecraft:poppy":2,"minecraft:iron_pickaxe":1,"minecraft:birch_sapling":4,"minecraft:egg":1,"minecraft:raw_iron":98,"minecraft:copper_ingot":1,"minecraft:oak_fence":2,"minecraft:porkchop":24,"minecraft:diorite":5,"tombstone:grave_dust":6,"minecraft:carrot":1,"minecraft:rotten_flesh":14,"minecraft:arrow":2,"minecraft:hay_block":17,"minecraft:cobblestone":1907,"minecraft:birch_log":49,"minecraft:feather":1,"minecraft:leather":3,"minecraft:potato":1,"minecraft:flint":12,"minecraft:gunpowder":6,"minecraft:dirt":900,"minecraft:bone":5,"minecraft:kelp":1,"minecraft:wheat_seeds":9,"minecraft:iron_ingot":5,"minecraft:birch_boat":4,"minecraft:stone_brick_slab":7,"minecraft:dandelion":5,"minecraft:oak_pressure_plate":1,"minecraft:gravel":65,"minecraft:sand":7,"minecraft:white_bed":2,"minecraft:yellow_carpet":2,"minecraft:stone_axe":2,"minecraft:granite":255,"tombstone:magic_scroll":1,"minecraft:oak_sapling":2,"minecraft:coal":199},"minecraft:mined":{"minecraft:white_bed":2,"minecraft:granite":260,"minecraft:grass_block":395,"minecraft:yellow_carpet":2,"minecraft:oak_pressure_plate":1,"minecraft:cartography_table":1,"minecraft:hay_block":17,"minecraft:iron_ore":98,"minecraft:deepslate_iron_ore":3,"minecraft:dirt_path":171,"minecraft:stone":1884,"minecraft:stone_brick_slab":7,"minecraft:dandelion":6,"minecraft:oak_fence":2,"minecraft:crafting_table":3,"minecraft:poppy":2,"minecraft:cobblestone":48,"minecraft:tall_grass":2,"minecraft:copper_ore":3,"minecraft:diorite":5,"minecraft:birch_log":49,"minecraft:white_carpet":1,"minecraft:birch_leaves":9,"minecraft:grass":40,"minecraft:coal_ore":200,"minecraft:dirt":346,"minecraft:gravel":83,"minecraft:sand":7,"minecraft:oak_leaves":10,"minecraft:deepslate":4},"minecraft:killed":{"minecraft:spider":4,"minecraft:skeleton":4,"minecraft:chicken":1,"minecraft:drowned":3,"minecraft:pig":13,"minecraft:iron_golem":1,"minecraft:creeper":9,"minecraft:zombie":14,"minecraft:cow":3},"minecraft:used":{"minecraft:iron_shovel":940,"minecraft:stone":1,"minecraft:iron_chestplate":1,"minecraft:dirt":891,"minecraft:yellow_carpet":2,"minecraft:granite":252,"minecraft:stone_brick_slab":7,"minecraft:iron_axe":128,"minecraft:furnace":1,"tombstone:gift":5,"minecraft:egg":1,"minecraft:diorite":2,"minecraft:stone_pickaxe":256,"minecraft:cartography_table":1,"minecraft:birch_boat":4,"minecraft:wooden_pickaxe":6,"minecraft:sand":7,"minecraft:crafting_table":4,"minecraft:white_bed":2,"minecraft:bread":21,"minecraft:iron_pickaxe":2251,"minecraft:gravel":54,"minecraft:stone_axe":96,"minecraft:cobblestone":1532,"minecraft:porkchop":7,"minecraft:bucket":2}},"DataVersion":3120}