{"stats":{"minecraft:killed_by":{"minecraft:player":1,"minecraft:spider":1},"minecraft:killed":{"minecraft:sheep":1,"minecraft:zombie":1,"minecraft:pig":1},"minecraft:custom":{"minecraft:time_since_rest":26312,"minecraft:sprint_one_cm":87806,"minecraft:damage_taken":840,"minecraft:walk_one_cm":227002,"minecraft:mob_kills":3,"minecraft:drop":40,"minecraft:damage_dealt":661,"minecraft:swim_one_cm":5053,"minecraft:interact_with_crafting_table":6,"minecraft:fly_one_cm":125900,"minecraft:talked_to_villager":1,"minecraft:crouch_one_cm":26,"tombstone:undead_killed":1,"minecraft:play_time":63846,"minecraft:deaths":2,"minecraft:sneak_time":277,"minecraft:walk_under_water_one_cm":6189,"minecraft:boat_one_cm":164446,"minecraft:jump":828,"minecraft:leave_game":4,"minecraft:time_since_death":39244,"minecraft:walk_on_water_one_cm":18232,"minecraft:sleep_in_bed":2,"minecraft:total_world_time":63846,"minecraft:fall_one_cm":22048},"minecraft:mined":{"minecraft:spruce_planks":1,"minecraft:mossy_cobblestone":1,"minecraft:spruce_log":16,"minecraft:crafting_table":3,"minecraft:grass":25,"minecraft:grass_block":7,"minecraft:poppy":1,"minecraft:dirt_path":1,"minecraft:dirt":38,"minecraft:tall_grass":2,"minecraft:spruce_leaves":62,"minecraft:stone":8,"minecraft:oak_leaves":10,"minecraft:fern":1},"minecraft:dropped":{"minecraft:poppy":2,"minecraft:iron_ingot":1,"minecraft:wheat_seeds":2,"minecraft:spruce_planks":2,"minecraft:mossy_cobblestone":1,"minecraft:crafting_table":1,"tombstone:grave_dust":1,"minecraft:cobblestone":2,"minecraft:spruce_log":3,"minecraft:white_wool":3,"minecraft:spruce_sapling":21,"minecraft:stick":1},"minecraft:picked_up":{"minecraft:stick":3,"minecraft:crafting_table":4,"minecraft:porkchop":1,"minecraft:spruce_sapling":21,"minecraft:spruce_log":19,"minecraft:dirt":67,"minecraft:mossy_cobblestone":3,"minecraft:spruce_boat":4,"minecraft:wheat_seeds":3,"minecraft:spruce_planks":3,"minecraft:iron_ingot":3,"minecraft:poppy":2,"minecraft:mutton":2,"minecraft:white_wool":3,"minecraft:cobblestone":8},"minecraft:used":{"minecraft:spruce_boat":4,"minecraft:grass_block":1,"minecraft:stone_pickaxe":1,"minecraft:bread":5,"minecraft:spruce_planks":18,"minecraft:wooden_pickaxe":8,"minecraft:stone_axe":11,"minecraft:mossy_cobblestone":1,"minecraft:dirt":59,"minecraft:crafting_table":4,"minecraft:porkchop":1,"tombstone:gift":2},"minecraft:crafted":{"minecraft:crafting_table":2,"minecraft:spruce_planks":64,"minecraft:stick":8,"minecraft:wooden_pickaxe":1,"minecraft:stone_pickaxe":1,"minecraft:spruce_boat":1,"minecraft:stone_axe":1}},"DataVersion":3120}