{"stats":{"minecraft:dropped":{"minecraft:gravel":7,"minecraft:stone_axe":3,"minecraft:kelp":1,"minecraft:wheat_seeds":3,"minecraft:birch_planks":8,"minecraft:oak_pressure_plate":1,"minecraft:cobbled_deepslate":4,"minecraft:birch_sapling":4,"minecraft:white_carpet":1,"minecraft:oak_fence":1,"minecraft:feather":1,"minecraft:cobblestone":1,"minecraft:rotten_flesh":1,"minecraft:leather":3,"minecraft:granite":3,"minecraft:carrot":1,"minecraft:flint":3,"minecraft:dirt":9,"minecraft:potato":1,"minecraft:gunpowder":4,"minecraft:diorite":3,"minecraft:oak_sapling":2,"minecraft:map":1,"tombstone:grave_dust":4,"minecraft:arrow":2,"minecraft:wooden_pickaxe":1,"minecraft:stone_pickaxe":1,"minecraft:paper":3,"minecraft:string":6},"minecraft:crafted":{"minecraft:cooked_porkchop":17,"minecraft:crafting_table":1,"minecraft:birch_boat":1,"minecraft:wooden_pickaxe":1,"minecraft:furnace":1,"minecraft:stone":133,"minecraft:bucket":2,"minecraft:birch_planks":196,"minecraft:stone_axe":1,"minecraft:bread":56,"minecraft:hopper":9,"minecraft:stone_brick_slab":126,"minecraft:iron_chestplate":1,"minecraft:iron_axe":1,"minecraft:stick":28,"minecraft:iron_ingot":98,"minecraft:iron_pickaxe":3,"minecraft:stone_pickaxe":2,"minecraft:chest":11,"minecraft:iron_shovel":3,"minecraft:stone_bricks":132,"minecraft:birch_sign":9,"minecraft:wheat":153},"minecraft:killed_by":{"minecraft:drowned":1},"minecraft:broken":{"minecraft:stone_pickaxe":1,"minecraft:iron_shovel":1,"minecraft:iron_pickaxe":2},"minecraft:custom":{"minecraft:interact_with_furnace":30,"minecraft:mob_kills":45,"minecraft:interact_with_crafting_table":45,"minecraft:leave_game":1,"minecraft:time_since_death":37977,"minecraft:sleep_in_bed":6,"minecraft:time_since_rest":19628,"minecraft:sprint_one_cm":29865,"minecraft:damage_taken":1329,"minecraft:walk_one_cm":819015,"minecraft:drop":40,"minecraft:damage_dealt":8206,"minecraft:swim_one_cm":29215,"minecraft:talked_to_villager":5,"minecraft:fly_one_cm":35202,"minecraft:open_chest":29,"minecraft:crouch_one_cm":6417,"minecraft:deaths":1,"minecraft:play_time":200238,"tombstone:undead_killed":16,"minecraft:sneak_time":3091,"minecraft:walk_under_water_one_cm":37147,"minecraft:boat_one_cm":638322,"minecraft:jump":1747,"minecraft:walk_on_water_one_cm":31326,"minecraft:total_world_time":200238,"minecraft:fall_one_cm":31002},"minecraft:picked_up":{"minecraft:birch_log":49,"minecraft:crafting_table":3,"minecraft:feather":1,"minecraft:chicken":1,"minecraft:leather":3,"minecraft:potato":1,"minecraft:flint":4,"minecraft:gunpowder":4,"minecraft:dirt":526,"minecraft:string":6,"minecraft:bone":5,"minecraft:white_carpet":1,"minecraft:kelp":1,"minecraft:wheat_seeds":4,"minecraft:cartography_table":1,"minecraft:cobbled_deepslate":4,"minecraft:iron_ingot":5,"minecraft:beef":3,"minecraft:birch_sapling":4,"minecraft:egg":1,"minecraft:raw_iron":98,"minecraft:birch_boat":4,"minecraft:stone_brick_slab":7,"minecraft:copper_ingot":1,"minecraft:oak_fence":1,"minecraft:oak_pressure_plate":1,"minecraft:gravel":10,"minecraft:sand":7,"minecraft:porkchop":24,"minecraft:carrot":1,"tombstone:grave_dust":5,"minecraft:diorite":5,"minecraft:white_bed":2,"minecraft:arrow":2,"minecraft:rotten_flesh":10,"minecraft:yellow_carpet":2,"minecraft:stone_axe":2,"minecraft:hay_block":17,"minecraft:granite":33,"minecraft:oak_sapling":2,"minecraft:coal":163,"minecraft:cobblestone":456},"minecraft:mined":{"minecraft:white_bed":2,"minecraft:stone_brick_slab":7,"minecraft:oak_fence":1,"minecraft:crafting_table":3,"minecraft:granite":33,"minecraft:grass_block":242,"minecraft:yellow_carpet":2,"minecraft:tall_grass":1,"minecraft:oak_pressure_plate":1,"minecraft:cobblestone":14,"minecraft:cartography_table":1,"minecraft:diorite":5,"minecraft:hay_block":17,"minecraft:birch_log":49,"minecraft:iron_ore":98,"minecraft:white_carpet":1,"minecraft:birch_leaves":9,"minecraft:grass":11,"minecraft:dirt_path":91,"minecraft:coal_ore":164,"minecraft:deepslate_iron_ore":3,"minecraft:sand":7,"minecraft:gravel":17,"minecraft:dirt":202,"minecraft:stone":435,"minecraft:oak_leaves":10,"minecraft:deepslate":4},"minecraft:killed":{"minecraft:pig":13,"minecraft:spider":4,"minecraft:iron_golem":1,"minecraft:creeper":7,"minecraft:skeleton":4,"minecraft:zombie":10,"minecraft:chicken":1,"minecraft:drowned":2,"minecraft:cow":3},"minecraft:used":{"minecraft:diorite":2,"minecraft:iron_shovel":506,"minecraft:stone_pickaxe":256,"minecraft:cartography_table":1,"minecraft:wooden_pickaxe":6,"minecraft:birch_boat":4,"minecraft:stone":1,"minecraft:iron_chestplate":1,"minecraft:dirt":517,"minecraft:sand":7,"minecraft:crafting_table":4,"minecraft:white_bed":2,"minecraft:yellow_carpet":2,"minecraft:granite":1,"minecraft:stone_brick_slab":7,"minecraft:bread":14,"minecraft:iron_axe":94,"minecraft:iron_pickaxe":501,"minecraft:stone_axe":96,"minecraft:cobblestone":191,"minecraft:furnace":1,"minecraft:porkchop":7,"minecraft:bucket":2,"tombstone:gift":5,"minecraft:egg":1}},"DataVersion":3120}