{"stats":{"minecraft:custom":{"minecraft:jump":283,"minecraft:time_since_rest":15534,"minecraft:damage_dealt":9,"minecraft:sprint_one_cm":41145,"minecraft:play_time":15534,"minecraft:walk_on_water_one_cm":2347,"minecraft:time_since_death":15534,"minecraft:walk_one_cm":15728,"minecraft:sneak_time":273,"minecraft:total_world_time":15534,"minecraft:walk_under_water_one_cm":1922,"minecraft:swim_one_cm":13148,"minecraft:drop":29,"minecraft:boat_one_cm":102738,"minecraft:fly_one_cm":142466},"minecraft:used":{"minecraft:zombie_spawn_egg":27,"minecraft:flint_and_steel":2,"minecraft:obsidian":54,"minecraft:mangrove_boat":44},"minecraft:picked_up":{"minecraft:mangrove_boat":15,"minecraft:rotten_flesh":11},"minecraft:dropped":{"minecraft:rotten_flesh":11,"minecraft:obsidian":2,"minecraft:mangrove_boat":16}},"DataVersion":3120}