{"stats":{"minecraft:killed_by":{"minecraft:player":1,"minecraft:spider":1},"minecraft:killed":{"minecraft:pig":1,"minecraft:squid":1,"minecraft:sheep":1,"minecraft:zombie":1,"minecraft:villager":1,"minecraft:cow":1},"minecraft:custom":{"minecraft:mob_kills":6,"minecraft:interact_with_crafting_table":6,"minecraft:leave_game":5,"minecraft:time_since_death":123840,"minecraft:sleep_in_bed":3,"minecraft:time_since_rest":83826,"minecraft:sprint_one_cm":117385,"minecraft:damage_taken":840,"minecraft:walk_one_cm":820155,"minecraft:drop":40,"minecraft:damage_dealt":807,"minecraft:swim_one_cm":5053,"minecraft:talked_to_villager":1,"minecraft:fly_one_cm":319383,"minecraft:open_chest":2,"minecraft:crouch_one_cm":262,"minecraft:play_time":148442,"tombstone:undead_killed":1,"minecraft:deaths":2,"minecraft:sneak_time":393,"minecraft:walk_under_water_one_cm":36576,"minecraft:boat_one_cm":164446,"tombstone:villager_killed":1,"minecraft:jump":1096,"minecraft:walk_on_water_one_cm":20389,"minecraft:total_world_time":148442,"minecraft:fall_one_cm":23151},"minecraft:mined":{"minecraft:spruce_planks":1,"minecraft:mossy_cobblestone":1,"minecraft:crafting_table":3,"minecraft:grass_block":7,"minecraft:poppy":1,"minecraft:tall_grass":2,"minecraft:spruce_leaves":62,"minecraft:spruce_log":16,"minecraft:grass":25,"minecraft:dirt_path":1,"minecraft:dirt":38,"minecraft:stone":8,"minecraft:oak_leaves":10,"minecraft:fern":1},"minecraft:dropped":{"minecraft:iron_ingot":1,"minecraft:wheat_seeds":2,"minecraft:mossy_cobblestone":1,"minecraft:crafting_table":1,"minecraft:cobblestone":2,"minecraft:stick":1,"minecraft:poppy":2,"minecraft:spruce_planks":2,"tombstone:grave_dust":1,"minecraft:spruce_log":3,"minecraft:white_wool":3,"minecraft:spruce_sapling":21},"minecraft:used":{"minecraft:flint_and_steel":42,"minecraft:stone_pickaxe":1,"minecraft:spruce_planks":19,"minecraft:wooden_pickaxe":8,"minecraft:stone":513,"minecraft:mossy_cobblestone":1,"minecraft:dirt":1196,"minecraft:tnt":38,"minecraft:crafting_table":4,"minecraft:spruce_boat":4,"minecraft:grass_block":59,"minecraft:bread":5,"minecraft:stone_axe":11,"minecraft:porkchop":1,"tombstone:gift":2,"minecraft:iron_leggings":1},"minecraft:picked_up":{"minecraft:stripped_oak_log":4,"minecraft:crafting_table":4,"minecraft:azure_bluet":2,"minecraft:yellow_wool":1,"minecraft:dirt":857,"minecraft:wheat_seeds":63,"minecraft:spruce_planks":3,"minecraft:beef":2,"minecraft:iron_ingot":3,"minecraft:poppy":3,"minecraft:oak_planks":1,"minecraft:egg":1,"minecraft:oak_slab":3,"minecraft:stick":5,"minecraft:oak_fence":6,"minecraft:torch":15,"minecraft:dandelion":12,"minecraft:porkchop":1,"minecraft:sand":18,"minecraft:spruce_sapling":21,"minecraft:ink_sac":3,"minecraft:diorite":11,"minecraft:spruce_log":19,"minecraft:mossy_cobblestone":3,"minecraft:rotten_flesh":4,"minecraft:spruce_boat":4,"minecraft:oak_sapling":5,"minecraft:coal":11,"minecraft:mutton":2,"minecraft:white_wool":4,"minecraft:cobblestone":112,"minecraft:oxeye_daisy":3},"minecraft:crafted":{"minecraft:crafting_table":2,"minecraft:spruce_planks":64,"minecraft:wooden_pickaxe":1,"minecraft:stone_axe":1,"minecraft:stick":8,"minecraft:stone_pickaxe":1,"minecraft:spruce_boat":1}},"DataVersion":3120}