{"stats":{"minecraft:dropped":{"minecraft:gravel":6,"minecraft:stone_axe":3,"minecraft:kelp":1,"minecraft:birch_planks":8,"minecraft:oak_pressure_plate":1,"minecraft:cobbled_deepslate":4,"minecraft:birch_sapling":4,"minecraft:oak_fence":1,"minecraft:white_carpet":1,"minecraft:feather":1,"minecraft:cobblestone":1,"minecraft:leather":2,"minecraft:flint":3,"minecraft:dirt":8,"minecraft:oak_sapling":2,"minecraft:map":1,"minecraft:stone_pickaxe":1,"minecraft:wooden_pickaxe":1,"minecraft:paper":3},"minecraft:crafted":{"minecraft:crafting_table":1,"minecraft:wooden_pickaxe":1,"minecraft:birch_boat":1,"minecraft:furnace":1,"minecraft:birch_planks":100,"minecraft:stone_axe":1,"minecraft:bread":56,"minecraft:hopper":6,"minecraft:iron_chestplate":1,"minecraft:iron_axe":1,"minecraft:stick":16,"minecraft:iron_ingot":46,"minecraft:iron_pickaxe":1,"minecraft:stone_pickaxe":2,"minecraft:chest":9,"minecraft:wheat":153},"minecraft:broken":{"minecraft:stone_pickaxe":1},"minecraft:custom":{"minecraft:interact_with_furnace":12,"minecraft:mob_kills":33,"minecraft:interact_with_crafting_table":21,"minecraft:time_since_death":110525,"minecraft:sleep_in_bed":2,"minecraft:time_since_rest":15539,"minecraft:sprint_one_cm":10644,"minecraft:damage_taken":583,"minecraft:walk_one_cm":403196,"minecraft:drop":25,"minecraft:damage_dealt":5888,"minecraft:talked_to_villager":1,"minecraft:swim_one_cm":20957,"minecraft:fly_one_cm":6741,"minecraft:open_chest":12,"minecraft:crouch_one_cm":3896,"minecraft:play_time":110525,"tombstone:undead_killed":9,"minecraft:sneak_time":2086,"minecraft:walk_under_water_one_cm":19442,"minecraft:boat_one_cm":638322,"minecraft:jump":843,"minecraft:walk_on_water_one_cm":17294,"minecraft:total_world_time":110525,"minecraft:fall_one_cm":14380},"minecraft:picked_up":{"minecraft:birch_log":49,"minecraft:crafting_table":3,"minecraft:feather":1,"minecraft:chicken":1,"minecraft:leather":2,"minecraft:potato":1,"minecraft:flint":3,"minecraft:gunpowder":4,"minecraft:string":6,"minecraft:dirt":15,"minecraft:bone":4,"minecraft:white_carpet":1,"minecraft:kelp":1,"minecraft:cartography_table":1,"minecraft:cobbled_deepslate":4,"minecraft:iron_ingot":5,"minecraft:beef":1,"minecraft:birch_sapling":4,"minecraft:raw_iron":82,"minecraft:birch_boat":4,"minecraft:oak_fence":1,"minecraft:oak_pressure_plate":1,"minecraft:gravel":7,"minecraft:porkchop":24,"tombstone:grave_dust":2,"minecraft:diorite":1,"minecraft:white_bed":2,"minecraft:arrow":2,"minecraft:rotten_flesh":6,"minecraft:yellow_carpet":2,"minecraft:stone_axe":2,"minecraft:hay_block":17,"minecraft:granite":3,"minecraft:oak_sapling":2,"minecraft:coal":115,"minecraft:cobblestone":171},"minecraft:mined":{"minecraft:white_bed":2,"minecraft:crafting_table":3,"minecraft:oak_fence":1,"minecraft:granite":3,"minecraft:grass_block":3,"minecraft:yellow_carpet":2,"minecraft:oak_pressure_plate":1,"minecraft:cobblestone":8,"minecraft:cartography_table":1,"minecraft:diorite":1,"minecraft:hay_block":17,"minecraft:birch_log":49,"minecraft:iron_ore":82,"minecraft:white_carpet":1,"minecraft:birch_leaves":9,"minecraft:grass":1,"minecraft:coal_ore":116,"minecraft:deepslate_iron_ore":3,"minecraft:gravel":13,"minecraft:dirt":11,"minecraft:stone":155,"minecraft:oak_leaves":10,"minecraft:deepslate":4},"minecraft:killed":{"minecraft:pig":13,"minecraft:spider":3,"minecraft:iron_golem":1,"minecraft:creeper":5,"minecraft:skeleton":3,"minecraft:zombie":6,"minecraft:chicken":1,"minecraft:cow":1},"minecraft:used":{"minecraft:stone_pickaxe":256,"minecraft:cartography_table":1,"minecraft:wooden_pickaxe":6,"minecraft:birch_boat":4,"minecraft:iron_chestplate":1,"minecraft:dirt":7,"minecraft:crafting_table":4,"minecraft:white_bed":2,"minecraft:yellow_carpet":2,"minecraft:bread":5,"minecraft:iron_axe":66,"minecraft:iron_pickaxe":110,"minecraft:stone_axe":96,"minecraft:cobblestone":102,"minecraft:furnace":1,"minecraft:porkchop":7}},"DataVersion":3120}