{"stats":{"minecraft:dropped":{"minecraft:gravel":7,"minecraft:stone_axe":3,"minecraft:kelp":1,"minecraft:birch_planks":8,"minecraft:oak_pressure_plate":1,"minecraft:cobbled_deepslate":4,"minecraft:birch_sapling":4,"minecraft:white_carpet":1,"minecraft:oak_fence":1,"minecraft:feather":1,"minecraft:cobblestone":1,"minecraft:leather":3,"minecraft:granite":3,"minecraft:flint":3,"minecraft:dirt":9,"minecraft:potato":1,"minecraft:gunpowder":4,"minecraft:diorite":3,"minecraft:oak_sapling":2,"minecraft:map":1,"tombstone:grave_dust":4,"minecraft:arrow":2,"minecraft:wooden_pickaxe":1,"minecraft:stone_pickaxe":1,"minecraft:paper":3,"minecraft:string":6},"minecraft:crafted":{"minecraft:crafting_table":1,"minecraft:birch_boat":1,"minecraft:wooden_pickaxe":1,"minecraft:furnace":1,"minecraft:bucket":2,"minecraft:birch_planks":136,"minecraft:stone_axe":1,"minecraft:bread":56,"minecraft:hopper":9,"minecraft:iron_chestplate":1,"minecraft:iron_axe":1,"minecraft:stick":20,"minecraft:iron_ingot":98,"minecraft:iron_pickaxe":2,"minecraft:stone_pickaxe":2,"minecraft:chest":11,"minecraft:birch_sign":9,"minecraft:wheat":153},"minecraft:broken":{"minecraft:stone_pickaxe":1,"minecraft:iron_pickaxe":1},"minecraft:custom":{"minecraft:interact_with_furnace":20,"minecraft:mob_kills":42,"minecraft:interact_with_crafting_table":30,"minecraft:leave_game":1,"minecraft:time_since_death":152238,"minecraft:sleep_in_bed":3,"minecraft:time_since_rest":15502,"minecraft:sprint_one_cm":16987,"minecraft:damage_taken":886,"minecraft:walk_one_cm":594991,"minecraft:drop":37,"minecraft:damage_dealt":7469,"minecraft:swim_one_cm":20957,"minecraft:talked_to_villager":1,"minecraft:fly_one_cm":18598,"minecraft:open_chest":23,"minecraft:crouch_one_cm":3905,"minecraft:play_time":152238,"tombstone:undead_killed":14,"minecraft:sneak_time":2122,"minecraft:walk_under_water_one_cm":28614,"minecraft:boat_one_cm":638322,"minecraft:jump":1444,"minecraft:walk_on_water_one_cm":26161,"minecraft:total_world_time":152238,"minecraft:fall_one_cm":27033},"minecraft:picked_up":{"minecraft:birch_log":49,"minecraft:crafting_table":3,"minecraft:feather":1,"minecraft:chicken":1,"minecraft:leather":3,"minecraft:potato":1,"minecraft:flint":3,"minecraft:gunpowder":4,"minecraft:dirt":19,"minecraft:string":6,"minecraft:bone":5,"minecraft:white_carpet":1,"minecraft:kelp":1,"minecraft:cartography_table":1,"minecraft:cobbled_deepslate":4,"minecraft:iron_ingot":5,"minecraft:beef":3,"minecraft:birch_sapling":4,"minecraft:egg":1,"minecraft:raw_iron":98,"minecraft:birch_boat":4,"minecraft:oak_fence":1,"minecraft:oak_pressure_plate":1,"minecraft:gravel":7,"minecraft:porkchop":24,"tombstone:grave_dust":4,"minecraft:diorite":5,"minecraft:white_bed":2,"minecraft:arrow":2,"minecraft:rotten_flesh":7,"minecraft:yellow_carpet":2,"minecraft:stone_axe":2,"minecraft:hay_block":17,"minecraft:granite":3,"minecraft:oak_sapling":2,"minecraft:coal":140,"minecraft:cobblestone":277},"minecraft:mined":{"minecraft:white_bed":2,"minecraft:oak_fence":1,"minecraft:crafting_table":3,"minecraft:granite":3,"minecraft:grass_block":6,"minecraft:yellow_carpet":2,"minecraft:oak_pressure_plate":1,"minecraft:cobblestone":13,"minecraft:cartography_table":1,"minecraft:diorite":5,"minecraft:hay_block":17,"minecraft:birch_log":49,"minecraft:iron_ore":98,"minecraft:white_carpet":1,"minecraft:birch_leaves":9,"minecraft:grass":3,"minecraft:dirt_path":2,"minecraft:coal_ore":141,"minecraft:deepslate_iron_ore":3,"minecraft:gravel":13,"minecraft:dirt":11,"minecraft:stone":256,"minecraft:oak_leaves":10,"minecraft:deepslate":4},"minecraft:killed":{"minecraft:pig":13,"minecraft:spider":4,"minecraft:iron_golem":1,"minecraft:creeper":6,"minecraft:skeleton":4,"minecraft:zombie":10,"minecraft:chicken":1,"minecraft:cow":3},"minecraft:used":{"minecraft:diorite":2,"minecraft:stone_pickaxe":256,"minecraft:cartography_table":1,"minecraft:wooden_pickaxe":6,"minecraft:birch_boat":4,"minecraft:iron_chestplate":1,"minecraft:dirt":7,"minecraft:crafting_table":4,"minecraft:white_bed":2,"minecraft:yellow_carpet":2,"minecraft:bread":11,"minecraft:iron_axe":85,"minecraft:iron_pickaxe":261,"minecraft:stone_axe":96,"minecraft:cobblestone":160,"minecraft:furnace":1,"minecraft:porkchop":7,"tombstone:gift":2,"minecraft:egg":1}},"DataVersion":3120}