{"stats":{"minecraft:killed":{"minecraft:spider":9,"minecraft:skeleton":5,"minecraft:chicken":1,"minecraft:drowned":3,"minecraft:pig":13,"minecraft:iron_golem":1,"minecraft:creeper":10,"minecraft:sheep":5,"minecraft:zombie":19,"minecraft:cow":4},"minecraft:crafted":{"minecraft:cobblestone_slab":60,"minecraft:fishing_rod":1,"minecraft:birch_boat":2,"minecraft:furnace":1,"minecraft:stone":151,"minecraft:glass":59,"minecraft:hopper":9,"minecraft:stone_brick_slab":126,"minecraft:iron_axe":2,"minecraft:stone_pickaxe":2,"minecraft:chest":11,"minecraft:stone_bricks":148,"minecraft:birch_sign":9,"minecraft:wheat":153,"minecraft:cooked_porkchop":17,"minecraft:crafting_table":1,"minecraft:wooden_pickaxe":1,"minecraft:birch_planks":196,"minecraft:bucket":2,"minecraft:stone_axe":1,"minecraft:bread":56,"minecraft:iron_chestplate":1,"minecraft:stick":48,"minecraft:iron_ingot":98,"minecraft:iron_pickaxe":10,"minecraft:iron_shovel":4},"minecraft:mined":{"minecraft:white_bed":3,"minecraft:granite":260,"minecraft:grass_block":408,"minecraft:yellow_carpet":2,"minecraft:oak_pressure_plate":1,"minecraft:spruce_leaves":5,"minecraft:cartography_table":1,"minecraft:hay_block":93,"minecraft:iron_ore":98,"minecraft:deepslate_iron_ore":3,"minecraft:dirt_path":171,"minecraft:stone":1932,"minecraft:stone_brick_slab":7,"minecraft:dandelion":6,"minecraft:oak_fence":3,"minecraft:crafting_table":3,"minecraft:poppy":2,"minecraft:tall_grass":10,"minecraft:copper_ore":3,"minecraft:cobblestone":60,"minecraft:diorite":5,"minecraft:wall_torch":3,"minecraft:birch_log":49,"minecraft:sweet_berry_bush":1,"minecraft:white_carpet":1,"minecraft:birch_leaves":10,"minecraft:yellow_bed":4,"minecraft:grass":65,"minecraft:coal_ore":200,"minecraft:gravel":84,"minecraft:sand":147,"minecraft:dirt":349,"minecraft:oak_leaves":10,"minecraft:deepslate":4},"minecraft:custom":{"minecraft:mob_kills":71,"minecraft:interact_with_crafting_table":63,"minecraft:bell_ring":13,"minecraft:leave_game":2,"minecraft:time_since_death":222963,"minecraft:climb_one_cm":2381,"minecraft:sprint_one_cm":56495,"minecraft:walk_one_cm":2082867,"minecraft:drop":57,"minecraft:talked_to_villager":14,"minecraft:play_time":385224,"minecraft:deaths":1,"minecraft:sneak_time":4928,"minecraft:walk_under_water_one_cm":72660,"minecraft:boat_one_cm":896534,"minecraft:jump":2924,"minecraft:walk_on_water_one_cm":59971,"minecraft:total_world_time":385224,"minecraft:interact_with_furnace":36,"minecraft:interact_with_cartography_table":1,"minecraft:interact_with_stonecutter":1,"minecraft:sleep_in_bed":17,"minecraft:time_since_rest":12779,"minecraft:damage_taken":2245,"minecraft:damage_dealt":12158,"minecraft:swim_one_cm":40099,"minecraft:fly_one_cm":64770,"minecraft:open_chest":64,"minecraft:crouch_one_cm":11598,"tombstone:undead_killed":27,"minecraft:fish_caught":13,"minecraft:fall_one_cm":51475},"minecraft:used":{"minecraft:iron_shovel":1015,"minecraft:armor_stand":1,"minecraft:chest":2,"minecraft:stone":1,"minecraft:iron_chestplate":1,"minecraft:dirt":906,"minecraft:yellow_carpet":2,"minecraft:granite":252,"minecraft:stone_brick_slab":7,"minecraft:iron_axe":185,"minecraft:furnace":1,"tombstone:gift":5,"minecraft:egg":1,"minecraft:iron_leggings":1,"minecraft:water_bucket":63,"minecraft:diorite":2,"minecraft:glass_bottle":1,"minecraft:stone_pickaxe":256,"minecraft:cartography_table":1,"minecraft:birch_boat":11,"minecraft:wooden_pickaxe":6,"minecraft:sand":70,"minecraft:crafting_table":4,"minecraft:white_bed":2,"minecraft:bread":33,"minecraft:iron_pickaxe":2312,"minecraft:gravel":56,"minecraft:stone_axe":96,"minecraft:fishing_rod":23,"minecraft:potion":1,"minecraft:cobblestone":1767,"minecraft:porkchop":7,"minecraft:bucket":65,"minecraft:yellow_bed":2},"minecraft:picked_up":{"minecraft:crafting_table":3,"minecraft:azure_bluet":1,"minecraft:chicken":1,"minecraft:potion":1,"minecraft:string":14,"minecraft:raw_copper":15,"minecraft:armor_stand":1,"minecraft:white_carpet":1,"minecraft:pufferfish":2,"minecraft:cartography_table":1,"minecraft:cobbled_deepslate":4,"minecraft:beef":4,"minecraft:poppy":2,"minecraft:iron_pickaxe":1,"minecraft:birch_sapling":4,"minecraft:egg":1,"minecraft:raw_iron":98,"minecraft:copper_ingot":1,"minecraft:oak_fence":3,"minecraft:torch":3,"minecraft:porkchop":24,"tombstone:grave_dust":6,"minecraft:diorite":5,"minecraft:carrot":3,"minecraft:rotten_flesh":22,"minecraft:arrow":2,"minecraft:hay_block":93,"minecraft:mutton":7,"minecraft:cod":7,"minecraft:white_wool":5,"minecraft:cobblestone":1967,"minecraft:birch_log":49,"minecraft:feather":1,"minecraft:water_bucket":2,"minecraft:salmon":4,"minecraft:leather":3,"minecraft:potato":1,"minecraft:flint":12,"minecraft:yellow_bed":4,"minecraft:gunpowder":7,"minecraft:dirt":916,"minecraft:leather_boots":1,"minecraft:bone":5,"minecraft:kelp":1,"minecraft:wheat_seeds":19,"minecraft:iron_ingot":5,"minecraft:birch_boat":10,"minecraft:sweet_berries":5,"minecraft:stone_brick_slab":7,"minecraft:dandelion":5,"minecraft:oak_pressure_plate":1,"minecraft:gravel":66,"minecraft:sand":147,"minecraft:white_bed":3,"minecraft:spider_eye":3,"minecraft:yellow_carpet":2,"tombstone:familiar_stone":1,"minecraft:stone_axe":2,"minecraft:iron_helmet":1,"minecraft:granite":255,"tombstone:magic_scroll":1,"minecraft:oak_sapling":2,"minecraft:coal":199},"minecraft:killed_by":{"minecraft:drowned":1},"minecraft:dropped":{"minecraft:water_bucket":2,"minecraft:birch_planks":8,"minecraft:wheat_seeds":13,"minecraft:oak_pressure_plate":1,"minecraft:oak_fence":2,"minecraft:feather":1,"minecraft:cobblestone":2,"minecraft:leather":3,"minecraft:granite":3,"minecraft:flint":12,"minecraft:dirt":9,"minecraft:diorite":3,"minecraft:map":1,"tombstone:grave_dust":5,"minecraft:iron_pickaxe":1,"minecraft:paper":3,"minecraft:string":6,"minecraft:dandelion":5,"minecraft:gravel":7,"minecraft:stone_axe":3,"minecraft:kelp":1,"minecraft:cobbled_deepslate":4,"minecraft:raw_copper":15,"minecraft:birch_sapling":4,"minecraft:white_carpet":1,"minecraft:rotten_flesh":11,"minecraft:carrot":2,"minecraft:poppy":2,"minecraft:potato":1,"minecraft:gunpowder":6,"minecraft:oak_sapling":2,"minecraft:wooden_pickaxe":1,"minecraft:arrow":2,"minecraft:stone_pickaxe":1},"minecraft:broken":{"minecraft:iron_shovel":4,"minecraft:stone_pickaxe":1,"minecraft:iron_axe":1,"minecraft:iron_pickaxe":9}},"DataVersion":3120}