{"stats":{"minecraft:dropped":{"minecraft:gravel":6,"minecraft:stone_axe":3,"minecraft:kelp":1,"minecraft:birch_planks":8,"minecraft:oak_pressure_plate":1,"minecraft:cobbled_deepslate":4,"minecraft:birch_sapling":4,"minecraft:oak_fence":1,"minecraft:white_carpet":1,"minecraft:feather":1,"minecraft:cobblestone":1,"minecraft:leather":2,"minecraft:flint":3,"minecraft:dirt":8,"minecraft:oak_sapling":2,"minecraft:map":1,"minecraft:stone_pickaxe":1,"minecraft:wooden_pickaxe":1,"minecraft:paper":3},"minecraft:crafted":{"minecraft:crafting_table":1,"minecraft:wooden_pickaxe":1,"minecraft:birch_boat":1,"minecraft:furnace":1,"minecraft:birch_planks":100,"minecraft:stone_axe":1,"minecraft:bread":56,"minecraft:hopper":6,"minecraft:iron_chestplate":1,"minecraft:iron_axe":1,"minecraft:stick":16,"minecraft:iron_ingot":46,"minecraft:iron_pickaxe":1,"minecraft:stone_pickaxe":2,"minecraft:chest":9,"minecraft:wheat":153},"minecraft:broken":{"minecraft:stone_pickaxe":1},"minecraft:custom":{"minecraft:interact_with_furnace":12,"minecraft:mob_kills":19,"minecraft:interact_with_crafting_table":21,"minecraft:time_since_death":98525,"minecraft:sleep_in_bed":2,"minecraft:time_since_rest":3539,"minecraft:sprint_one_cm":9905,"minecraft:damage_taken":415,"minecraft:walk_one_cm":304348,"minecraft:drop":25,"minecraft:damage_dealt":3256,"minecraft:talked_to_villager":1,"minecraft:swim_one_cm":19477,"minecraft:fly_one_cm":5101,"minecraft:open_chest":12,"minecraft:crouch_one_cm":3567,"minecraft:play_time":98525,"tombstone:undead_killed":2,"minecraft:sneak_time":2003,"minecraft:walk_under_water_one_cm":17215,"minecraft:boat_one_cm":638322,"minecraft:jump":605,"minecraft:walk_on_water_one_cm":12296,"minecraft:total_world_time":98525,"minecraft:fall_one_cm":11568},"minecraft:picked_up":{"minecraft:birch_log":49,"minecraft:crafting_table":3,"minecraft:feather":1,"minecraft:chicken":1,"minecraft:leather":2,"minecraft:flint":3,"minecraft:gunpowder":1,"minecraft:dirt":15,"minecraft:white_carpet":1,"minecraft:kelp":1,"minecraft:cartography_table":1,"minecraft:cobbled_deepslate":4,"minecraft:iron_ingot":5,"minecraft:beef":1,"minecraft:birch_sapling":4,"minecraft:raw_iron":46,"minecraft:birch_boat":4,"minecraft:oak_fence":1,"minecraft:oak_pressure_plate":1,"minecraft:gravel":6,"minecraft:porkchop":22,"tombstone:grave_dust":1,"minecraft:white_bed":2,"minecraft:rotten_flesh":1,"minecraft:yellow_carpet":2,"minecraft:stone_axe":2,"minecraft:hay_block":17,"minecraft:oak_sapling":2,"minecraft:coal":84,"minecraft:cobblestone":160},"minecraft:mined":{"minecraft:white_bed":2,"minecraft:crafting_table":3,"minecraft:oak_fence":1,"minecraft:grass_block":3,"minecraft:yellow_carpet":2,"minecraft:oak_pressure_plate":1,"minecraft:cobblestone":8,"minecraft:cartography_table":1,"minecraft:hay_block":17,"minecraft:birch_log":49,"minecraft:iron_ore":44,"minecraft:white_carpet":1,"minecraft:birch_leaves":9,"minecraft:grass":1,"minecraft:coal_ore":85,"minecraft:deepslate_iron_ore":3,"minecraft:gravel":12,"minecraft:dirt":11,"minecraft:stone":145,"minecraft:oak_leaves":10,"minecraft:deepslate":4},"minecraft:killed":{"minecraft:pig":12,"minecraft:iron_golem":1,"minecraft:creeper":2,"minecraft:zombie":2,"minecraft:chicken":1,"minecraft:cow":1},"minecraft:used":{"minecraft:stone_pickaxe":256,"minecraft:cartography_table":1,"minecraft:wooden_pickaxe":6,"minecraft:birch_boat":4,"minecraft:iron_chestplate":1,"minecraft:dirt":7,"minecraft:crafting_table":4,"minecraft:white_bed":2,"minecraft:yellow_carpet":2,"minecraft:bread":2,"minecraft:iron_axe":29,"minecraft:iron_pickaxe":27,"minecraft:stone_axe":96,"minecraft:cobblestone":102,"minecraft:furnace":1,"minecraft:porkchop":7}},"DataVersion":3120}