{"stats":{"minecraft:custom":{"minecraft:open_chest":1,"minecraft:time_since_rest":29376,"minecraft:play_time":29376,"minecraft:sprint_one_cm":52532,"minecraft:walk_one_cm":37083,"minecraft:sneak_time":284,"minecraft:walk_under_water_one_cm":2879,"minecraft:mob_kills":51,"minecraft:aviate_one_cm":615415,"minecraft:boat_one_cm":102738,"minecraft:drop":30,"minecraft:jump":441,"minecraft:damage_dealt":9,"minecraft:leave_game":1,"minecraft:time_since_death":29376,"minecraft:walk_on_water_one_cm":5056,"minecraft:total_world_time":29376,"minecraft:swim_one_cm":13885,"minecraft:fly_one_cm":194698},"minecraft:used":{"minecraft:mangrove_boat":44,"minecraft:firework_rocket":22,"minecraft:flint_and_steel":5,"minecraft:tnt":2,"minecraft:grass_block":42,"minecraft:elytra":1,"minecraft:zombie_spawn_egg":27,"minecraft:obsidian":54},"minecraft:picked_up":{"minecraft:mangrove_boat":15,"minecraft:rotten_flesh":52,"minecraft:wheat_seeds":2,"minecraft:potato":1,"minecraft:gravel":12,"minecraft:flint":4,"minecraft:dirt":109,"minecraft:cobblestone":5},"minecraft:dropped":{"minecraft:rotten_flesh":11,"minecraft:obsidian":2,"minecraft:mangrove_boat":16,"minecraft:firework_rocket":1},"minecraft:killed":{"minecraft:zombie":42}},"DataVersion":3120}