{"stats":{"minecraft:dropped":{"minecraft:dirt":2,"minecraft:birch_sapling":4},"minecraft:crafted":{"minecraft:crafting_table":1,"minecraft:stick":8,"minecraft:wooden_pickaxe":1,"minecraft:stone_pickaxe":2,"minecraft:birch_planks":24,"minecraft:stone_axe":1},"minecraft:broken":{"minecraft:stone_pickaxe":1},"minecraft:picked_up":{"minecraft:birch_log":6,"minecraft:crafting_table":2,"minecraft:raw_iron":37,"minecraft:feather":1,"minecraft:chicken":1,"minecraft:leather":2,"minecraft:gravel":6,"minecraft:flint":3,"minecraft:dirt":7,"minecraft:cobbled_deepslate":4,"minecraft:beef":1,"minecraft:birch_sapling":4,"minecraft:cobblestone":107},"minecraft:custom":{"minecraft:time_since_rest":14525,"minecraft:sprint_one_cm":2254,"minecraft:damage_taken":95,"minecraft:walk_one_cm":60060,"minecraft:mob_kills":2,"minecraft:drop":5,"minecraft:damage_dealt":230,"minecraft:interact_with_crafting_table":3,"minecraft:fly_one_cm":2620,"minecraft:crouch_one_cm":1310,"minecraft:play_time":14525,"minecraft:sneak_time":1059,"minecraft:walk_under_water_one_cm":1496,"minecraft:jump":152,"minecraft:walk_on_water_one_cm":706,"minecraft:time_since_death":14525,"minecraft:total_world_time":14525,"minecraft:fall_one_cm":3862},"minecraft:mined":{"minecraft:birch_log":6,"minecraft:iron_ore":36,"minecraft:crafting_table":2,"minecraft:grass_block":1,"minecraft:deepslate_iron_ore":3,"minecraft:gravel":12,"minecraft:dirt":5,"minecraft:cobblestone":1,"minecraft:stone":104,"minecraft:deepslate":4},"minecraft:killed":{"minecraft:chicken":1,"minecraft:cow":1},"minecraft:used":{"minecraft:stone_pickaxe":142,"minecraft:wooden_pickaxe":6,"minecraft:stone_axe":5,"minecraft:dirt":4,"minecraft:cobblestone":39,"minecraft:crafting_table":2}},"DataVersion":3120}