{"stats":{"minecraft:killed":{"minecraft:spider":4,"minecraft:skeleton":4,"minecraft:chicken":1,"minecraft:drowned":3,"minecraft:pig":13,"minecraft:iron_golem":1,"minecraft:creeper":9,"minecraft:zombie":14,"minecraft:cow":3},"minecraft:crafted":{"minecraft:cobblestone_slab":60,"minecraft:birch_boat":1,"minecraft:furnace":1,"minecraft:stone":151,"minecraft:hopper":9,"minecraft:stone_brick_slab":126,"minecraft:iron_axe":1,"minecraft:stone_pickaxe":2,"minecraft:chest":11,"minecraft:stone_bricks":148,"minecraft:birch_sign":9,"minecraft:wheat":153,"minecraft:cooked_porkchop":17,"minecraft:crafting_table":1,"minecraft:wooden_pickaxe":1,"minecraft:birch_planks":196,"minecraft:bucket":2,"minecraft:stone_axe":1,"minecraft:bread":56,"minecraft:iron_chestplate":1,"minecraft:stick":44,"minecraft:iron_ingot":98,"minecraft:iron_pickaxe":10,"minecraft:iron_shovel":4},"minecraft:mined":{"minecraft:white_bed":3,"minecraft:granite":260,"minecraft:grass_block":408,"minecraft:yellow_carpet":2,"minecraft:oak_pressure_plate":1,"minecraft:cartography_table":1,"minecraft:hay_block":17,"minecraft:iron_ore":98,"minecraft:deepslate_iron_ore":3,"minecraft:dirt_path":171,"minecraft:stone":1932,"minecraft:stone_brick_slab":7,"minecraft:dandelion":6,"minecraft:oak_fence":2,"minecraft:crafting_table":3,"minecraft:poppy":2,"minecraft:tall_grass":5,"minecraft:copper_ore":3,"minecraft:cobblestone":60,"minecraft:diorite":5,"minecraft:wall_torch":2,"minecraft:birch_log":49,"minecraft:white_carpet":1,"minecraft:birch_leaves":9,"minecraft:yellow_bed":2,"minecraft:grass":60,"minecraft:coal_ore":200,"minecraft:gravel":83,"minecraft:sand":143,"minecraft:dirt":349,"minecraft:oak_leaves":10,"minecraft:deepslate":4},"minecraft:custom":{"minecraft:mob_kills":53,"minecraft:interact_with_crafting_table":59,"minecraft:leave_game":2,"minecraft:time_since_death":162963,"minecraft:sprint_one_cm":44624,"minecraft:walk_one_cm":1682731,"minecraft:drop":52,"minecraft:talked_to_villager":7,"minecraft:play_time":325224,"minecraft:deaths":1,"minecraft:sneak_time":4598,"minecraft:walk_under_water_one_cm":56797,"minecraft:boat_one_cm":638322,"minecraft:jump":2412,"minecraft:walk_on_water_one_cm":46177,"minecraft:total_world_time":325224,"minecraft:interact_with_furnace":35,"minecraft:interact_with_cartography_table":1,"minecraft:sleep_in_bed":13,"minecraft:time_since_rest":9190,"minecraft:damage_taken":1727,"minecraft:damage_dealt":9487,"minecraft:swim_one_cm":30441,"minecraft:fly_one_cm":48758,"minecraft:open_chest":41,"minecraft:crouch_one_cm":11096,"tombstone:undead_killed":21,"minecraft:fall_one_cm":43020},"minecraft:used":{"minecraft:iron_shovel":1015,"minecraft:stone":1,"minecraft:iron_chestplate":1,"minecraft:dirt":906,"minecraft:yellow_carpet":2,"minecraft:granite":252,"minecraft:stone_brick_slab":7,"minecraft:iron_axe":128,"minecraft:furnace":1,"tombstone:gift":5,"minecraft:egg":1,"minecraft:water_bucket":9,"minecraft:diorite":2,"minecraft:stone_pickaxe":256,"minecraft:cartography_table":1,"minecraft:birch_boat":4,"minecraft:wooden_pickaxe":6,"minecraft:sand":70,"minecraft:crafting_table":4,"minecraft:white_bed":2,"minecraft:bread":23,"minecraft:iron_pickaxe":2312,"minecraft:gravel":56,"minecraft:stone_axe":96,"minecraft:cobblestone":1767,"minecraft:porkchop":7,"minecraft:bucket":11},"minecraft:picked_up":{"minecraft:crafting_table":3,"minecraft:chicken":1,"minecraft:string":6,"minecraft:raw_copper":15,"minecraft:white_carpet":1,"minecraft:cartography_table":1,"minecraft:cobbled_deepslate":4,"minecraft:beef":3,"minecraft:poppy":2,"minecraft:iron_pickaxe":1,"minecraft:birch_sapling":4,"minecraft:egg":1,"minecraft:raw_iron":98,"minecraft:copper_ingot":1,"minecraft:oak_fence":2,"minecraft:torch":2,"minecraft:porkchop":24,"tombstone:grave_dust":6,"minecraft:diorite":5,"minecraft:carrot":1,"minecraft:rotten_flesh":14,"minecraft:arrow":2,"minecraft:hay_block":17,"minecraft:cobblestone":1967,"minecraft:birch_log":49,"minecraft:feather":1,"minecraft:leather":3,"minecraft:potato":1,"minecraft:flint":12,"minecraft:yellow_bed":2,"minecraft:gunpowder":6,"minecraft:dirt":916,"minecraft:bone":5,"minecraft:kelp":1,"minecraft:wheat_seeds":11,"minecraft:iron_ingot":5,"minecraft:birch_boat":4,"minecraft:stone_brick_slab":7,"minecraft:dandelion":5,"minecraft:oak_pressure_plate":1,"minecraft:gravel":65,"minecraft:sand":143,"minecraft:white_bed":3,"minecraft:yellow_carpet":2,"minecraft:stone_axe":2,"minecraft:granite":255,"tombstone:magic_scroll":1,"minecraft:oak_sapling":2,"minecraft:coal":199},"minecraft:killed_by":{"minecraft:drowned":1},"minecraft:dropped":{"minecraft:birch_planks":8,"minecraft:wheat_seeds":10,"minecraft:oak_pressure_plate":1,"minecraft:oak_fence":2,"minecraft:feather":1,"minecraft:cobblestone":2,"minecraft:leather":3,"minecraft:granite":3,"minecraft:flint":12,"minecraft:dirt":9,"minecraft:diorite":3,"minecraft:map":1,"tombstone:grave_dust":5,"minecraft:iron_pickaxe":1,"minecraft:paper":3,"minecraft:string":6,"minecraft:dandelion":5,"minecraft:gravel":7,"minecraft:stone_axe":3,"minecraft:kelp":1,"minecraft:cobbled_deepslate":4,"minecraft:raw_copper":15,"minecraft:birch_sapling":4,"minecraft:white_carpet":1,"minecraft:rotten_flesh":7,"minecraft:carrot":1,"minecraft:poppy":2,"minecraft:potato":1,"minecraft:gunpowder":6,"minecraft:oak_sapling":2,"minecraft:wooden_pickaxe":1,"minecraft:arrow":2,"minecraft:stone_pickaxe":1},"minecraft:broken":{"minecraft:iron_shovel":4,"minecraft:stone_pickaxe":1,"minecraft:iron_axe":1,"minecraft:iron_pickaxe":9}},"DataVersion":3120}