{"stats":{"minecraft:crafted":{"minecraft:oak_planks":4,"minecraft:crafting_table":1,"minecraft:bread":42,"minecraft:wheat":126},"minecraft:killed_by":{"minecraft:pillager":1},"minecraft:picked_up":{"minecraft:wheat_seeds":1,"minecraft:hay_block":14,"minecraft:oak_log":1,"minecraft:yellow_bed":1,"minecraft:dark_oak_fence":1,"minecraft:dirt":1,"minecraft:egg":1},"minecraft:custom":{"minecraft:open_chest":3,"minecraft:time_since_rest":5242,"minecraft:deaths":1,"minecraft:crouch_one_cm":327,"minecraft:play_time":15124,"minecraft:sprint_one_cm":28598,"minecraft:damage_taken":270,"minecraft:walk_one_cm":20029,"minecraft:sneak_time":89,"minecraft:walk_under_water_one_cm":860,"minecraft:jump":327,"minecraft:damage_dealt":158,"minecraft:time_since_death":6035,"minecraft:walk_on_water_one_cm":768,"minecraft:sleep_in_bed":2,"minecraft:total_world_time":15124,"minecraft:interact_with_crafting_table":1,"minecraft:swim_one_cm":3084,"minecraft:talked_to_villager":8,"minecraft:fall_one_cm":9437,"minecraft:fly_one_cm":72700},"minecraft:mined":{"minecraft:dark_oak_fence":1,"minecraft:hay_block":14,"minecraft:grass":8,"minecraft:grass_block":1,"minecraft:oak_log":1,"minecraft:yellow_bed":1},"minecraft:used":{"minecraft:dirt":1,"minecraft:crafting_table":1,"minecraft:bread":2,"tombstone:gift":2,"minecraft:egg":1}},"DataVersion":3120}