{"stats":{"minecraft:crafted":{"minecraft:oak_planks":4,"minecraft:crafting_table":1,"minecraft:stick":4,"minecraft:wooden_pickaxe":1,"minecraft:stone_pickaxe":1,"minecraft:dark_oak_planks":8,"minecraft:bread":42,"minecraft:wheat":126},"minecraft:killed_by":{"minecraft:pillager":1},"minecraft:picked_up":{"minecraft:raw_iron":3,"minecraft:oak_log":1,"minecraft:yellow_bed":1,"minecraft:dirt":1,"minecraft:wheat_seeds":2,"minecraft:hay_block":14,"minecraft:dark_oak_fence":1,"minecraft:cobblestone":86,"minecraft:egg":1},"minecraft:custom":{"minecraft:time_since_rest":18911,"minecraft:sprint_one_cm":51463,"minecraft:damage_taken":435,"minecraft:walk_one_cm":44646,"minecraft:damage_dealt":158,"minecraft:talked_to_villager":26,"minecraft:interact_with_crafting_table":3,"minecraft:swim_one_cm":3084,"minecraft:fly_one_cm":113443,"minecraft:open_chest":3,"minecraft:crouch_one_cm":439,"minecraft:play_time":37713,"minecraft:deaths":1,"minecraft:sneak_time":160,"minecraft:walk_under_water_one_cm":1383,"minecraft:jump":516,"minecraft:leave_game":1,"minecraft:walk_on_water_one_cm":1685,"minecraft:time_since_death":28624,"minecraft:sleep_in_bed":3,"minecraft:total_world_time":37713,"minecraft:fall_one_cm":11722},"minecraft:mined":{"minecraft:hay_block":14,"minecraft:iron_ore":3,"minecraft:yellow_bed":1,"minecraft:dark_oak_fence":1,"minecraft:grass":8,"minecraft:grass_block":1,"minecraft:oak_log":1,"minecraft:stone":86},"minecraft:used":{"minecraft:bread":4,"minecraft:stone_pickaxe":83,"minecraft:wooden_pickaxe":6,"minecraft:dirt":1,"minecraft:crafting_table":1,"tombstone:gift":2,"minecraft:egg":1}},"DataVersion":3120}