{"stats":{"minecraft:crafted":{"minecraft:wheat":126},"minecraft:picked_up":{"minecraft:hay_block":14,"minecraft:yellow_bed":1},"minecraft:custom":{"minecraft:jump":62,"minecraft:time_since_rest":0,"minecraft:sprint_one_cm":4778,"minecraft:play_time":3124,"minecraft:walk_on_water_one_cm":71,"minecraft:time_since_death":3124,"minecraft:walk_one_cm":7834,"minecraft:sleep_in_bed":1,"minecraft:sneak_time":4,"minecraft:total_world_time":3124,"minecraft:walk_under_water_one_cm":683,"minecraft:swim_one_cm":1974,"minecraft:fall_one_cm":1846,"minecraft:fly_one_cm":15388},"minecraft:mined":{"minecraft:grass":1,"minecraft:hay_block":14,"minecraft:yellow_bed":1}},"DataVersion":3120}