{"stats":{"minecraft:crafted":{"minecraft:oak_planks":8,"minecraft:crafting_table":2,"minecraft:stick":8,"minecraft:wooden_pickaxe":1,"minecraft:iron_ingot":3,"minecraft:iron_pickaxe":1,"minecraft:stone_pickaxe":1,"minecraft:furnace":1,"minecraft:dark_oak_planks":8,"minecraft:bread":42,"minecraft:wheat":126},"minecraft:killed_by":{"minecraft:pillager":1},"minecraft:picked_up":{"minecraft:raw_iron":3,"minecraft:crafting_table":1,"minecraft:gravel":3,"minecraft:flint":1,"minecraft:oak_log":2,"minecraft:diorite":9,"minecraft:yellow_bed":1,"minecraft:dirt":1,"minecraft:diamond":12,"minecraft:wheat_seeds":2,"minecraft:cobbled_deepslate":46,"minecraft:hay_block":14,"minecraft:granite":7,"minecraft:dark_oak_fence":1,"minecraft:coal":19,"minecraft:furnace":1,"minecraft:cobblestone":191,"minecraft:egg":1},"minecraft:custom":{"minecraft:time_since_rest":27734,"minecraft:interact_with_furnace":2,"minecraft:sprint_one_cm":58850,"minecraft:damage_taken":435,"minecraft:walk_one_cm":65680,"minecraft:damage_dealt":158,"minecraft:swim_one_cm":3084,"minecraft:interact_with_crafting_table":5,"minecraft:fly_one_cm":114546,"minecraft:talked_to_villager":26,"minecraft:open_chest":3,"minecraft:crouch_one_cm":476,"minecraft:play_time":46536,"minecraft:deaths":1,"minecraft:sneak_time":216,"minecraft:walk_under_water_one_cm":1383,"minecraft:jump":603,"minecraft:leave_game":3,"minecraft:time_since_death":37447,"minecraft:walk_on_water_one_cm":1685,"minecraft:sleep_in_bed":3,"minecraft:total_world_time":46536,"minecraft:fall_one_cm":12140},"minecraft:mined":{"minecraft:hay_block":14,"minecraft:furnace":1,"minecraft:deepslate_diamond_ore":12,"minecraft:iron_ore":3,"minecraft:yellow_bed":1,"minecraft:crafting_table":1,"minecraft:granite":7,"minecraft:dark_oak_fence":1,"minecraft:grass":8,"minecraft:grass_block":1,"minecraft:oak_log":2,"minecraft:coal_ore":19,"minecraft:gravel":4,"minecraft:cobblestone":4,"minecraft:stone":188,"minecraft:diorite":9,"minecraft:deepslate":46},"minecraft:used":{"minecraft:stone_pickaxe":111,"minecraft:bread":4,"minecraft:iron_pickaxe":176,"minecraft:wooden_pickaxe":6,"minecraft:dirt":1,"minecraft:cobblestone":4,"minecraft:crafting_table":2,"minecraft:furnace":1,"tombstone:gift":2,"minecraft:egg":1}},"DataVersion":3120}