{"stats":{"minecraft:crafted":{"minecraft:oak_planks":4,"minecraft:dark_oak_planks":8,"minecraft:crafting_table":1,"minecraft:bread":42,"minecraft:wheat":126},"minecraft:killed_by":{"minecraft:pillager":1},"minecraft:picked_up":{"minecraft:wheat_seeds":2,"minecraft:hay_block":14,"minecraft:oak_log":1,"minecraft:yellow_bed":1,"minecraft:dark_oak_fence":1,"minecraft:dirt":1,"minecraft:egg":1},"minecraft:custom":{"minecraft:open_chest":3,"minecraft:time_since_rest":11839,"minecraft:deaths":1,"minecraft:crouch_one_cm":439,"minecraft:play_time":30641,"minecraft:sprint_one_cm":49653,"minecraft:damage_taken":300,"minecraft:walk_one_cm":37131,"minecraft:sneak_time":160,"minecraft:walk_under_water_one_cm":1383,"minecraft:jump":499,"minecraft:damage_dealt":158,"minecraft:leave_game":1,"minecraft:time_since_death":21552,"minecraft:walk_on_water_one_cm":1685,"minecraft:sleep_in_bed":3,"minecraft:total_world_time":30641,"minecraft:interact_with_crafting_table":1,"minecraft:swim_one_cm":3084,"minecraft:talked_to_villager":26,"minecraft:fall_one_cm":11722,"minecraft:fly_one_cm":108869},"minecraft:mined":{"minecraft:dark_oak_fence":1,"minecraft:hay_block":14,"minecraft:grass":8,"minecraft:grass_block":1,"minecraft:oak_log":1,"minecraft:yellow_bed":1},"minecraft:used":{"minecraft:dirt":1,"minecraft:crafting_table":1,"minecraft:bread":4,"tombstone:gift":2,"minecraft:egg":1}},"DataVersion":3120}