{"stats":{"minecraft:killed_by":{"minecraft:creeper":1},"minecraft:killed":{"minecraft:spider":7,"minecraft:iron_golem":2,"minecraft:creeper":1,"minecraft:skeleton":13,"minecraft:zombie":15,"minecraft:silverfish":3,"minecraft:drowned":1},"minecraft:custom":{"minecraft:interact_with_furnace":14,"minecraft:mob_kills":42,"minecraft:interact_with_crafting_table":27,"minecraft:leave_game":4,"minecraft:time_since_death":90579,"minecraft:sleep_in_bed":9,"minecraft:climb_one_cm":304,"minecraft:time_since_rest":51409,"minecraft:sprint_one_cm":241197,"minecraft:damage_taken":2871,"minecraft:walk_one_cm":234227,"minecraft:damage_blocked_by_shield":1205,"minecraft:drop":5,"minecraft:damage_dealt":9417,"minecraft:swim_one_cm":99392,"minecraft:talked_to_villager":2,"minecraft:fly_one_cm":380308,"minecraft:open_chest":25,"minecraft:crouch_one_cm":3873,"minecraft:play_time":101350,"tombstone:undead_killed":29,"minecraft:deaths":1,"minecraft:sneak_time":1993,"minecraft:walk_under_water_one_cm":20363,"minecraft:jump":2196,"minecraft:walk_on_water_one_cm":39118,"minecraft:total_world_time":101350,"minecraft:fall_one_cm":55611},"minecraft:broken":{"minecraft:stone_axe":2},"minecraft:mined":{"minecraft:diamond_ore":2,"minecraft:dandelion":1,"minecraft:crafting_table":5,"minecraft:granite":13,"minecraft:emerald_ore":1,"minecraft:grass_block":1,"minecraft:tall_grass":3,"minecraft:cobblestone":12,"minecraft:lapis_ore":1,"minecraft:oak_planks":9,"minecraft:diorite":14,"minecraft:spawner":3,"minecraft:hay_block":44,"minecraft:furnace":2,"minecraft:iron_ore":30,"minecraft:spruce_log":9,"minecraft:andesite":3,"minecraft:grass":7,"minecraft:deepslate_iron_ore":6,"minecraft:coal_ore":14,"minecraft:sand":1,"minecraft:dirt":14,"minecraft:stone":56,"minecraft:gold_ore":1,"minecraft:deepslate":1,"minecraft:infested_stone":3},"minecraft:dropped":{"minecraft:dirt":5,"minecraft:spruce_log":2},"minecraft:used":{"minecraft:shield":37,"minecraft:spruce_planks":12,"minecraft:wooden_pickaxe":8,"minecraft:dirt":4,"minecraft:sand":1,"minecraft:crafting_table":6,"minecraft:apple":2,"minecraft:bread":54,"minecraft:iron_pickaxe":183,"tombstone:magic_scroll":1,"minecraft:stone_axe":163,"minecraft:cobblestone":15,"travelersbackpack:standard":1,"minecraft:furnace":3,"tombstone:gift":2},"minecraft:picked_up":{"minecraft:crafting_table":5,"minecraft:andesite":4,"minecraft:lapis_lazuli":7,"minecraft:string":6,"minecraft:dirt":21,"minecraft:bone":10,"minecraft:cobbled_deepslate":4,"minecraft:raw_gold":1,"minecraft:iron_ingot":6,"minecraft:poppy":4,"minecraft:oak_planks":9,"minecraft:furnace":2,"minecraft:raw_iron":37,"minecraft:dandelion":1,"minecraft:sand":1,"tombstone:grave_dust":3,"minecraft:diorite":14,"minecraft:spruce_log":11,"minecraft:spider_eye":3,"minecraft:bundle":1,"minecraft:arrow":9,"minecraft:rotten_flesh":13,"minecraft:diamond":2,"minecraft:hay_block":44,"minecraft:granite":13,"minecraft:emerald":1,"tombstone:magic_scroll":2,"minecraft:coal":14,"minecraft:cobblestone":75},"minecraft:crafted":{"minecraft:crafting_table":2,"minecraft:spruce_planks":36,"minecraft:wooden_pickaxe":1,"minecraft:iron_helmet":1,"minecraft:furnace":2,"minecraft:stone_axe":3,"minecraft:bread":132,"minecraft:iron_chestplate":1,"minecraft:shield":1,"minecraft:stick":16,"minecraft:iron_ingot":19,"minecraft:iron_pickaxe":2,"minecraft:stone_pickaxe":1,"minecraft:iron_leggings":1,"minecraft:wheat":396}},"DataVersion":3120}