{
  "__COMMENT1": "To apply this configuration to all newly generated worlds",
  "__COMMENT2": "please place this configuration file into your config directory",
  "__COMMENT3": "with the following name: cpm-server-default.json",
  "skins": {},
  "player_scaling": {
    "4c2f50b0-a849-456e-b8d7-4b648b8f904b": {},
    "af6f4769-6f74-4f0e-a265-c81915224981": {},
    "d381fb45-84e8-45bd-9f75-4974ba4beec1": {}
  },
  "player_scaling_settings": {},
  "scaling_settings": {
    "motion": {},
    "mob_visibility": {},
    "defense": {},
    "attack_knockback": {},
    "flight_speed": {},
    "step_height": {},
    "knockback_resist": {},
    "reach": {},
    "health": {},
    "attack_speed": {},
    "attack_dmg": {}
  }
}